ElementDefinition,ElementDefinition.id,ElementDefinition.path,ElementDefinition.short,ElementDefinition.definition,ElementDefinition.comments,ElementDefinition.requirements,ElementDefinition.alias,ElementDefinition.min,ElementDefinition.max,ElementDefinition.type,ElementDefinition.type.code,ElementDefinition.type.profile,ElementDefinition.type2,ElementDefinition.type.code2,ElementDefinition.type.profile2,ElementDefinition.type3,ElementDefinition.type.code3,ElementDefinition.type.profile3,ElementDefinition.type4,ElementDefinition.type.code4,ElementDefinition.type.profile4,ElementDefinition.minValue[x],ElementDefinition.maxValue[x],ElementDefinition.binding,ElementDefinition.binding.strength,ElementDefinition.binding.valueSet[x],ElementDefinition.mapping,ElementDefinition.mapping.identity,ElementDefinition.mapping.map,ElementDefinition.mapping2,ElementDefinition.mapping.identity2,ElementDefinition.mapping.map2,ElementDefinition.mapping3,ElementDefinition.mapping.identity3,ElementDefinition.mapping.map3,ElementDefinition.mapping4,ElementDefinition.mapping.identity4,ElementDefinition.mapping.map4
LabTestCatalog,LabTestCatalog,LabTestCatalog,Lab service master file,The catalog is the set of IVD testing services offered by a clinical lab organization.,This level could be represented by a resource referencing all the DataElements describing lab IVD testing services?   Or the catalog could be represented only by the common root to the urls of the testing services resources?,,,0,1,,,,,,,,,,,,,,,,,,,edos,,,lcsd,,,mapcomments,,,,
LabTestCatalog.publisher,LabTestCatalog.publisher,LabTestCatalog.publisher,Identification of catalog supplier,Bundle or List Resource -Catalog metadata.,,,,0,1,,string,,,,,,,,,,,,,,,,,edos,MSH-4 Sending Facility eH : not always the same,,lcsd,MSH-4,,mapcomments,,,,
LabTestCatalog.identifier,LabTestCatalog.identifier,LabTestCatalog.identifier,service identifier (for ordering),Bundle or List Resource -Catalog metadata.,,LOINC (withexceptions)eH; More likely local identifer.,,0,*,,Identifier,,,,,,,,,,,,,,,,,edos,"OM1-2, MCP-2,:Producer's Service/Test/Observation",,lcsd,MFI-2,,mapcomments,LCSD overloads MFI-2 to add this item,,,
LabTestCatalog.language,LabTestCatalog.language,LabTestCatalog.language,catalog main language,Bundle or List Resource -Catalog metadata.,maps to  base class Resource.language.,,,0,1,,code,,,,,,,,,,,,,,extensible,http://hl7.org/fhir/ValueSet/languages,,edos,not defined,,lcsd,MFI-2,,mapcomments,LCSD overloads MFI-2 to add this item,,,
LabTestCatalog.version,LabTestCatalog.version,LabTestCatalog.version,catalog version,Bundle or List Resource -Catalog metadata.,"In the shared repository paradigm, version & date are not really needed at the catalog level. Needed on DataElement.",,,0,1,,string,,,,,,,,,,,,,,,,,edos,not defined,,lcsd,MFI-2,,mapcomments,LCSD overloads MFI-2 to add this item,,,
LabTestCatalog.updateDate,LabTestCatalog.updateDate,LabTestCatalog.updateDate,catalog last update,Bundle or List Resource -Catalog metadata.,,,,0,1,,dateTime,,,,,,,,,,,,,,,,,edos,not defined,,lcsd,MFI-4,,mapcomments,,,,
LabTestCatalog.entry,LabTestCatalog.entry,LabTestCatalog.entry,Catalog entry,Item in catalog,,,Lab Service Item,0,*,,BackboneElement,,,,,,,,,,,,,,,,,edos,,,lcsd,,,mapcomments,,,,
LabTestCatalog.entry.sequence,LabTestCatalog.entry.sequence,LabTestCatalog.entry.sequence,entry order index,The order in which the entry should be displayed. This is a bit of control metada,"EH: needed to preserve order, Use case  for consistent human display , unless choose some other mechanism to group or order like alphabetical.This is very simple and need to look at existing catalog models to see other ways to do this",,,0,1,,positiveInt,,,,,,,,,,,,,,,,,edos,OM1-1 Sequence Number - Test/Observ,,lcsd,,,mapcomments,sequence number,,,
LabTestCatalog.entry.updateDate,LabTestCatalog.entry.updateDate,LabTestCatalog.entry.updateDate,date/time for any change,date/time for any change. This is a bit of control metada,,,,0,1,,date,,,,,,,,,,,,,,,,,edos,not defined,,lcsd,not supported,,mapcomments,,,,
LabTestCatalog.entry.effectiveDate,LabTestCatalog.entry.effectiveDate,LabTestCatalog.entry.effectiveDate,effective date/time of change,effective date/time of change.,change that breaks compatibility with previous results.,[0..1].,,0,1,,date,,,,,,,,,,,,,,,,,edos,not defined,,lcsd,not supported,,mapcomments,,,,
LabTestCatalog.entry.code,LabTestCatalog.entry.code,LabTestCatalog.entry.code,service identifier (for ordering),The producer's usual or preferred identification of the test or observation and all alias codes/identifiers for this observation,OM1-7 maps to OM1.2 ine dos  and is likely going to be a LOINC codes  see http://healthedatainc.com/go-ftp/publish/dataelement-labtestmaster-example.html.,LOINC (withexceptions).,,1,*,,CodeableConcept,,,,,,,,,,,,,,example,http://hl7.org/fhir/ValueSet/diagnostic-requests,,edos,"OM1-2, OM1-7,MCP-2,:Producer's Service/Test/Observation",,lcsd,OM1-2,,mapcomments,coded withexceptions,,,
LabTestCatalog.entry.name,LabTestCatalog.entry.name,LabTestCatalog.entry.name,service identifier (for ordering),The producer's preferred name of the test or observation,,LOINC (withexceptions).,,1,1,,string,,,,,,,,,,,,,,,,,edos,"OM1-2, OM1-7,MCP-2,:Producer's Service/Test/Observation",,lcsd,OM1-2,,mapcomments,coded withexceptions,,,
LabTestCatalog.entry.mnemonic,LabTestCatalog.entry.mnemonic,LabTestCatalog.entry.mnemonic,preferred mnemonic,"the name that can be used in space-limited reports (e.g., specimen labels) to identify the observation for the convenience of human readers.  The name can contain up to eight characters.",EH: is this needed?,up to 8 char.,,0,1,,string,,,,,,,,,,,,,,,,,edos,OM1-10,,lcsd,,,mapcomments,"ineDOS only one of these is required EH: map to DE, DR, DO, OBS",,,
LabTestCatalog.entry.longname,LabTestCatalog.entry.longname,LabTestCatalog.entry.longname,preferred long name,the fully-specified name for the observation or battery.  It may include the full (unabbreviated) multiple-word names and contain up to xxx characters.  It should be as scientifically precise as possible..,EH:is this needed?,up to 200 char.,,0,1,,string,,,,,,,,,,,,,,,,,edos,OM1-11,,lcsd,,,mapcomments,"ineDOS only one of these is required, EH: map to DE, DR, DO, OBS",,,
LabTestCatalog.entry.otherName,LabTestCatalog.entry.otherName,LabTestCatalog.entry.otherName,synonyms for the service name,This field contains any test aliases or synonyms for the name in the context of the ordering service.,,[0..*].,,0,1,,string,,,,,,,,,,,,,,,,,edos,OM1-51,,lcsd,OM1-8,,mapcomments,"not used by edos(LCSD relies on 2.5.1,eDOS on 2.8.2)",,,
LabTestCatalog.entry.orderable,LabTestCatalog.entry.orderable,LabTestCatalog.entry.orderable,Orderability,"This field indicates whether or not a service/test/observation is an orderable code. For example, blood differential count is usually an orderable test, MCV, contained within the differential count, is usually not independently orderable",,Boolean.,,1,1,,boolean,,,,,,,,,,,,,,,,,edos,OM1-12:Orderability,,lcsd,,,mapcomments,,,,
LabTestCatalog.entry.type,LabTestCatalog.entry.type,LabTestCatalog.entry.type,nature of the service,"This field indicates whether the definition entry identifies a test battery, an entire functional procedure or study, a single test value (observation), multiple test batteries or functional procedures as an orderable unit (profile), or a single test value (observation) calculated from other independent observations",see HL70174 value set eH: this may be obvious if have reference to other catalog items and not needed.,"test, panel, superset, ….",,1,1,,code,,,,,,,,,,,,,,required,http://hl7.org/fhir/ValueSet/v2-0174,,edos,OM1-18,,lcsd,OM1-18,,mapcomments,required,,,
LabTestCatalog.entry.description,LabTestCatalog.entry.description,LabTestCatalog.entry.description,description of the service,A text description of this observation.,,"[0..1], for display.",,0,1,,markdown,,,,,,,,,,,,,,,,,edos,not defined,,lcsd,OM1-6,,mapcomments,,,,
LabTestCatalog.entry.schedule,LabTestCatalog.entry.schedule,LabTestCatalog.entry.schedule,service performance schedule,the diagnostic studies/tests that are performed only at certain times during the course of a work day or work week.  This field indicates the maximum interval between successive test performances (the test may actually be performed more frequently),"example: ""Monday, Wednesday"".","[0..*], string.",,0,1,,Timing,,,,,,,,,,,,,,,,,edos,OM1-40,,lcsd,not supported,,mapcomments,,,,
LabTestCatalog.entry.OrderAlone,LabTestCatalog.entry.OrderAlone,LabTestCatalog.entry.OrderAlone,service exclusive,"This test should be a specific event with no other tests to be performed with this test.If not populated, The default value of 'N' is assumed and  that this test can be included with any number of other tests. When D is specified for this field, using element 'category' to 'determines how tests must be grouped together.  Tests within the same Diagnostic Service Sector may be on the same requisition,",,"[0..1], HL70919.",,0,1,,code,,,,,,,,,,,,,,,,,edos,OM1-48,,lcsd,not supported,,mapcomments,,,,
LabTestCatalog.entry.category,LabTestCatalog.entry.category,LabTestCatalog.entry.category,diagnostic service sector ID,The section of the diagnostic service where the observation was performed,example: MCB: mycobacteriology.,"[0..1], HL70074.",,0,1,,CodeableConcept,,,,,,,,,,,,,,extensible,http://hl7.org/fhir/ValueSet/v2-0074,,edos,OM1-49,,lcsd,not supported,,mapcomments,,,,
LabTestCatalog.entry.patientPrep,LabTestCatalog.entry.patientPrep,LabTestCatalog.entry.patientPrep,patient preparation,"Certain tests or observations require special patient preparation, diet, or medications.  For example a  GI contrast studies, this element would contain the pretest diet, e.g., low residue for two days, NPO before study, and the preferred purgatives.","example: ""patient fasting for at least 12 hours"".","[0..*], textual.",,0,1,,string,,,,,,,,,,,,,,,,,edos,OM1-37,,lcsd,not supported,,mapcomments,,,,
LabTestCatalog.entry.interpretation,LabTestCatalog.entry.interpretation,LabTestCatalog.entry.interpretation,interpretation of observations,"The clinical information about interpreting test results.  Examples are the medications that may cause false abnormals, and the information about the sensitivity and specificity of the test for diagnoses.",,"[0..1], textual.",,0,1,,string,,,,,,,,,,,,,,,,,edos,OM1-32,,lcsd,not supported,,mapcomments,,,,
LabTestCatalog.entry.interference,LabTestCatalog.entry.interference,LabTestCatalog.entry.interference,factors that may affect observation,"description of the foods, diagnoses, drugs, or other conditions that may influence the interpretation of the observation. Information about the direction of the effect, and any recommendation about altering the diet, conditions, or drug before initiating the test observation.",,,,0,*,,string,,,,,,,,,,,,,,,,,edos,OM1-39,,lcsd,not supported,,mapcomments,,,,
LabTestCatalog.entry.contraindications,LabTestCatalog.entry.contraindications,LabTestCatalog.entry.contraindications,contraindications to service,"The diagnosis or problem for which the test is a contraindication or of possible danger (e.g., pacemaker, pregnancy, diabetes).  For example, if the test identified was an intravenous pyelogram, this field would include warnings about the use of contrast media in diabetes",,"[0..*], coded 9999.",,0,1,,Reference,Condition,Medication,Reference,,,,,,,,,,,,,,edos,OM1-33,,lcsd,not supported,,mapcomments,,,,
LabTestCatalog.entry.priorResults,LabTestCatalog.entry.priorResults,LabTestCatalog.entry.priorResults,accompany order with prior results,"Should any prior results be sent with the Order. Example: ""send the prior results of CBC in past 60 days"".",,"[0..*], textual.",,0,1,,string,,,,,,,,,,,,,,,,,edos,OM1-53,,lcsd,not supported,,mapcomments,Should this be a reference to DR?,,,
LabTestCatalog.entry.specialInstructions,LabTestCatalog.entry.specialInstructions,LabTestCatalog.entry.specialInstructions,special instruction,"Other instructions to Order placer. For example: ""Please include tentative diagnosis/treatment"". ",,"[0..*], textual.",,0,1,,string,,,,,,,,,,,,,,,,,edos,OM1-54,,lcsd,not supported,,mapcomments,,,,
LabTestCatalog.entry.subject,LabTestCatalog.entry.subject,LabTestCatalog.entry.subject,Patient constraints,These elements describe the appropriate patients characteristic needed for the test  For example species,,,,0,1,,BackboneElement,,,,,,,,,,,,,,,,,edos,,,lcsd,,,mapcomments, EH Patient Profile Components,,,
LabTestCatalog.entry.subject.gender,LabTestCatalog.entry.subject.gender,LabTestCatalog.entry.subject.gender,gender restriction,Code to indicate that this service can only be ordered for this gender For example a Pap Smear,,[0..*].,,0,1,,CodeableConcept,,,,,,,,,,,,,,required,http://hl7.org/fhir/ValueSet/administrative-gender,,edos,OM1-58,,lcsd,not supported,,mapcomments,"(LCSD relies on 2.5.1,eDOS on 2.8.2) EH could be a Patient Profile",,,
LabTestCatalog.entry.subject.age,LabTestCatalog.entry.subject.age,LabTestCatalog.entry.subject.age,age restriction,this service can only be ordered for these age ranges.,,[0..*].,,0,*,,Range,,,,,,,,,,,,,,,,,edos,OM1-59,,lcsd,not supported,,mapcomments,"(LCSD relies on 2.5.1,eDOS on 2.8.2) EH could be a Patient Profile",,,
LabTestCatalog.entry.turnaroundtime,LabTestCatalog.entry.turnaroundtime,LabTestCatalog.entry.turnaroundtime,expected turn-around time,"The typical processing time for single test/observation.Can in mins, hrs, days,,,",,[0..1].,,0,1,,Quantity,,,,,,,,,,,,,,,,,edos,OM1-57,,lcsd,not supported,,mapcomments,"(LCSD relies on 2.5.1,eDOS on 2.8.2)",,,
LabTestCatalog.entry.component,LabTestCatalog.entry.component,LabTestCatalog.entry.component,Test/Observations Included within an Ordered Test Battery,This element references the entries that  of all tests/observations included within a single battery a single functional procedure or a given superset ,the internal reference is broken in the IG publisher,LOINC (withexceptions).,,0,*,,,,,,,,,,,,,,,,,,,edos,OM5-2:R,,lcsd,OM5-2,,mapcomments,"(LCSD relies on 2.5.1,eDOS on 2.8.2) EH could be a DiagnosticeReport Profile",,,
LabTestCatalog.entry.reflex,LabTestCatalog.entry.reflex,LabTestCatalog.entry.reflex,potential reflex tests,potential reflex tests.,reference(DataElement).,"[0..*], LOINC withexceptions.",,0,*,,CodeableConcept,,,,,,,,,,,,,,example,http://hl7.org/fhir/ValueSet/diagnostic-requests,,edos,OM1-34,,lcsd,not supported,,mapcomments,,,,
LabTestCatalog.entry.reflexRules,LabTestCatalog.entry.reflexRules,LabTestCatalog.entry.reflexRules,rules triggering reflex tests,rules triggering reflex tests.,,"[0..*], textual.",,0,*,,string,,,,,,,,,,,,,,,,,edos,OM1-35,,lcsd,not supported,,mapcomments,,,,
LabTestCatalog.entry.report,LabTestCatalog.entry.report,LabTestCatalog.entry.report,Test/Observation data,These element describe the report metadata,,,,0,1,,BackboneElement,,,,,,,,,,,,,,,,,edos,,,lcsd,,,mapcomments, EH DR Profile Components,,,
LabTestCatalog.entry.report.displayName,LabTestCatalog.entry.report.displayName,LabTestCatalog.entry.report.displayName,preferred report name,"any test aliases or synonyms for the name in the context of the ordering service.  These are alternative names, not associated with a particular coding system, by which the battery, test, or observation (e.g., measurement, test, diagnostic study, treatment, etc.) is known to users of the system",.alias maps to OM1-51.,up to 30 char.,,0,1,,string,,,,,,,,,,,,,,,,,edos,OM1-9,,lcsd,,,mapcomments,ineDOS only one of these is required EH: map to  DR,,,
LabTestCatalog.entry.report.subheading,LabTestCatalog.entry.report.subheading,LabTestCatalog.entry.report.subheading,report subheader,"Defines the preferred header under which this observation should be listed on a standard display. For example, if the test is hemoglobin, this string might be 'Complete blood count.' It is represented as a coded data type so that a battery can be a header. Only the description part of the string may be included in case the subheader does not have an associated code. When a series of observations is displayed according to the sort order given below, the subheader that groups those observations is presented whenever the subheader changes.",,"[0..1], coded.",,0,1,,string,,,,,,,,,,,,,,,,,edos,not defined,,lcsd,OM1-19,,mapcomments,,,,
LabTestCatalog.entry.report.displayOrder,LabTestCatalog.entry.report.displayOrder,LabTestCatalog.entry.report.displayOrder,report display order,Defines the sort order in which this observation is presented in a standard report or display that contains the many observations.,,"[0..1], string up to 20 char.",,0,1,,string,,,,,,,,,,,,,,,,,edos,not defined,,lcsd,OM1-20,,mapcomments,,,,
LabTestCatalog.entry.measurement,LabTestCatalog.entry.measurement,LabTestCatalog.entry.measurement,Test/Observation data,These element describe the measurement metadata,,,atomic reportable observation,0,*,,BackboneElement,,,,,,,,,,,,,,,,,edos,,,lcsd,,,mapcomments, EH Observation Profile Components,,,
LabTestCatalog.entry.measurement.method,LabTestCatalog.entry.measurement.method,LabTestCatalog.entry.measurement.method,method used to produce observation,"The method(s) used to produce the observation.  More than one method may be listed, but only if they produce results that are clinically indistinguishable.",,"[0..1], coded.",,0,*,,CodeableConcept,,,,,,,,,,,,,,example,http://hl7.org/fhir/ValueSet/observation-methods,,edos,not defined,,lcsd,not supported,,mapcomments,OM1-14  EH: map to OBS,,,
LabTestCatalog.entry.measurement.datatypes,LabTestCatalog.entry.measurement.datatypes,LabTestCatalog.entry.measurement.datatypes,permitted data types,permitted data types.,,[0..*].,,0,*,,Observation,,,,,,,,,,,,,,,,,edos,"OM1-3, OM3-7",,lcsd,"OM1-3, OM3-7",,mapcomments,,,,
LabTestCatalog.entry.measurement.AnswerList,LabTestCatalog.entry.measurement.AnswerList,LabTestCatalog.entry.measurement.AnswerList,value set for valid coded answers,"list of valid coded answers. In the case that the list of coded answers is easily enumerated, list the valid coded answers for this observation here using the preferred coding system",,,,0,*,,CodeableConcept,,,,,,,,,,,,,,example,http://hl7.org/fhir/us/daf/ValueSet/daf-observation-value-codes,,edos,OM3-3,,lcsd,OM3-3,,mapcomments,,,,
LabTestCatalog.entry.measurement.Normals,LabTestCatalog.entry.measurement.Normals,LabTestCatalog.entry.measurement.Normals,value set for normal answers,"Certain observations/tests have text (alpha) results (e.g., reactive, nonreactive). Alpha normals for those tests should be entered in this field (e.g., 'nonreactive').","Need an attribute in ValueSet resource to qualify the value set (normal, abnormal, or critical answers).  Could we use ValueSet.useContext for this purpose?",Normal Text/Codes for Categorical Observations.,,0,*,,CodeableConcept,,,,,,,,,,,,,,example,http://hl7.org/fhir/us/daf/ValueSet/daf-observation-value-codes,,edos,OM3-4,,lcsd,OM3-4,,mapcomments,,,,
LabTestCatalog.entry.measurement.Abnormals,LabTestCatalog.entry.measurement.Abnormals,LabTestCatalog.entry.measurement.Abnormals,value set for abnormal answers, The list of the text answers that are abnormal for the test.,,Abnormal Text/Codes for Categorical Observations.,,0,*,,CodeableConcept,,,,,,,,,,,,,,example,http://hl7.org/fhir/us/daf/ValueSet/daf-observation-value-codes,,edos,OM3-5,,lcsd,OM3-5,,mapcomments,,,,
LabTestCatalog.entry.measurement.Critical,LabTestCatalog.entry.measurement.Critical,LabTestCatalog.entry.measurement.Critical,value set for critical answers,the list of coded results that are critically abnormal for this observation.,,,,0,*,,CodeableConcept,,,,,,,,,,,,,,example,http://hl7.org/fhir/us/daf/ValueSet/daf-observation-value-codes,,edos,not used,,lcsd,OM3-6,,mapcomments,,,,
LabTestCatalog.entry.measurement.valueType,LabTestCatalog.entry.measurement.valueType,LabTestCatalog.entry.measurement.valueType,Value Type,The allowed data types for a single categorical observation,,Value Type.,,0,*,,CodeableConcept,,,,,,,,,,,,,,example,http://hl7.org/fhir/ValueSet/data-types,,edos,OM3-7,,lcsd,not used,,mapcomments,,,,
LabTestCatalog.entry.measurement.units,LabTestCatalog.entry.measurement.units,LabTestCatalog.entry.measurement.units,customary units of measure,For single tests/observations that have numeric values. This field contains their customary units of measure,,"[0..1], UCUM.",,0,*,,CodeableConcept,,,,,,,,,,,,,,,,,edos,OM2-2,,lcsd,OM2-2,,mapcomments,,,,
LabTestCatalog.entry.measurement.UCUM,LabTestCatalog.entry.measurement.UCUM,LabTestCatalog.entry.measurement.UCUM,corresponding UCUM units,This field contains the single tests/observations - the corresponding UCUM units when these differ from the customary units of measure given in the previous field,,"[0..1], UCUM.",,0,*,,CodeableConcept,,,,,,,,,,,,,,example,http://hl7.org/fhir/us/daf/ValueSet/daf-ucum,,edos,not defined,,lcsd,not supported,,mapcomments,OM2-4  EH: map to OBS,,,
LabTestCatalog.entry.measurement.conversion,LabTestCatalog.entry.measurement.conversion,LabTestCatalog.entry.measurement.conversion,conversion factor customary UCUCM,This is a factor for converting the customary units to UCUM units.,,"[0..1], textual.",,0,*,,string,,,,,,,,,,,,,,,,,edos,not defined,,lcsd,not supported,,mapcomments,OM2-5 EH: map to OBS,,,
LabTestCatalog.entry.measurement.precision,LabTestCatalog.entry.measurement.precision,LabTestCatalog.entry.measurement.precision,decimal precision,"For numerically valued single observations specifies the total length in characters of the field needed to display the observation, and the number of digits displayed to the right of the decimal point. This is coded as a single number in the format <length>.<decimal-digits>. For example, a value of 6.2 implies 6 characters total (including the sign and decimal point) with 2 digits after the decimal point. For integer values, the period and <decimal-digits> portion may be omitted (that is, 5.0 and 5 are equivalent). More than one such mask may be transmitted (separated by repeat delimiters) when it is necessary to define multiple display formats that are possible.",as part of decimal type.,[0..1].,,0,*,,string,,,,,,,,,,,,,,,,,edos,not defined,,lcsd,OM2-3,,mapcomments,,,,
LabTestCatalog.entry.measurement.referenceRange,LabTestCatalog.entry.measurement.referenceRange,LabTestCatalog.entry.measurement.referenceRange,reference (normal) range / criteria,the reference (normal) ranges for 'numeric' observations/tests,"criteria include sex, age, gestational age, species, raceeH; Use ReferenceRangeelement from Observation.",[0..*].,,0,*,,Element,,,,,,,,,,,,,,,,,edos,OM2-6,,lcsd,OM2-6,,mapcomments,EH: map to Observation.referenceRange,,,
LabTestCatalog.entry.measurement.criticalReferenceRange,LabTestCatalog.entry.measurement.criticalReferenceRange,LabTestCatalog.entry.measurement.criticalReferenceRange,critical range / criteria,"When a critical range is defined for such observations, it should be recorded here in the same format as the normal range .",,[0..*].,,0,*,,Element,,,,,,,,,,,,,,,,,edos,OM2-7,,lcsd,not supported,,mapcomments,EH: map to Observation.referenceRange,,,
LabTestCatalog.entry.measurement.absoluteReferenceRange,LabTestCatalog.entry.measurement.absoluteReferenceRange,LabTestCatalog.entry.measurement.absoluteReferenceRange,absolute range,Results outside this range are not possible. The field should be recorded in the same format as the normal and critical ranges. .,,[0..1].,,0,*,,Element,,,,,,,,,,,,,,,,,edos,OM2-8,,lcsd,not supported,,mapcomments,EH: map to Observation.referenceRange,,,
LabTestCatalog.entry.measurement.performingLab,LabTestCatalog.entry.measurement.performingLab,LabTestCatalog.entry.measurement.performingLab,producer identifier,"This field uniquely identifies the service producing the observation described in this segment.  Three components should be included: an identifying code, the name of the producer, and the identity of the coding system (e.g., 323-5678^Acme Special Lab^MC).  The identity of the coding system will usually be MC (Medicare provider number or HIBCC site codes) in the United States.  Each country may want to specify its preferred coding system and define a coding system ID to identify it.",service producer is distinct from DataElement.publisher.,,,0,*,,Reference,Organization,,,,,,,,,,,,,,,,edos,OM1-5,,lcsd,OM1-5,,mapcomments,required,,,
LabTestCatalog.entry.supportingInformation,LabTestCatalog.entry.supportingInformation,LabTestCatalog.entry.supportingInformation,AOEs,"the list of variables that the diagnostic service needs to interpret the results of an ordered study  For example  - age, sex.",service producer is distinct from DataElement.publisher.,[0..*].,,0,*,,BackboneElement,,,,,,,,,,,,,,,,,edos,OMC segment,,lcsd,OM1-31,,mapcomments,"(LCSD relies on 2.5.1,eDOS on 2.8.2)",,,
LabTestCatalog.entry.supportingInformation.code,LabTestCatalog.entry.supportingInformation.code,LabTestCatalog.entry.supportingInformation.code,clinical information identifier, code that the define the data elements the diagnostic service needs to interpret the results of an ordered study.,see Questionnaire.,EH; AOEs  LOINC (withexceptions).,,0,*,,CodeableConcept,,,,,,,,,,,,,,,,,edos,OMC-4,,lcsd,OM1-31,,mapcomments,"(LCSD relies on 2.5.1,eDOS on 2.8.2)",,,
LabTestCatalog.entry.supportingInformation.whenAsk,LabTestCatalog.entry.supportingInformation.whenAsk,LabTestCatalog.entry.supportingInformation.whenAsk,asked at orderentry or at specimen collection time?,When in the ordering process or workflow this information must be collected.,Should we use .element.requirements for this purpose? Or .element.constraint?eH; NO.,,,0,1,,code,,,,,,,,,,,,,,,,,edos,OMC-5,,lcsd,not supported,,mapcomments,"(LCSD relies on 2.5.1,eDOS on 2.8.2)",,,
LabTestCatalog.entry.supportingInformation.required,LabTestCatalog.entry.supportingInformation.required,LabTestCatalog.entry.supportingInformation.required,answer required or not,"Must the question be answered,",EH: property of reference resource e.g. DataElement or Questionnaire or Observation.,boolean.,,0,1,,boolean,,,,,,,,,,,,,,,,,edos,OMC-7,,lcsd,not supported,,mapcomments,"(LCSD relies on 2.5.1,eDOS on 2.8.2)",,,
LabTestCatalog.entry.supportingInformation.hint,LabTestCatalog.entry.supportingInformation.hint,LabTestCatalog.entry.supportingInformation.hint,hint/help text,Guidance to the provider on how to answer the question.,EH: property of reference resource e.g. DataElement or Questionnaire or Observation.,,,0,1,,string,,,,,,,,,,,,,,,,,edos,OMC-8,,lcsd,not supported,,mapcomments,"(LCSD relies on 2.5.1,eDOS on 2.8.2)",,,
LabTestCatalog.entry.supportingInformation.answerType,LabTestCatalog.entry.supportingInformation.answerType,LabTestCatalog.entry.supportingInformation.answerType,type of answer,"This field contains the allowed datatype for answers, Type of answers include: numeric, date, coded, text, etc",EH: property of reference resource Questionnaire,,,0,1,,CodeableConcept,,,,,,,,,,,,,,example,http://hl7.org/fhir/ValueSet/data-types,,edos,OMC-9,,lcsd,not supported,,mapcomments,"(LCSD relies on 2.5.1,eDOS on 2.8.2)",,,
LabTestCatalog.entry.supportingInformation.multiples,LabTestCatalog.entry.supportingInformation.multiples,LabTestCatalog.entry.supportingInformation.multiples,multiple answers allowed,"Indicates if multiple answers are allowed, .",EH: property of reference resource e.g. DataElement or Questionnaire or Observation.,,,0,1,,boolean,,,,,,,,,,,,,,,,,edos,OMC-10,,lcsd,not supported,,mapcomments,"(LCSD relies on 2.5.1,eDOS on 2.8.2)",,,
LabTestCatalog.entry.supportingInformation.answerList,LabTestCatalog.entry.supportingInformation.answerList,LabTestCatalog.entry.supportingInformation.answerList,value set for coded answers,Allowed coded answers to be sent and/or display Text for Ordering system to present to provider.,EH: property of reference resource e.g. DataElement or Questionnaire or Observation.,,,0,1,,Reference,ValueSet,,,,,,,,,,,,,,,,edos,OMC-11,,lcsd,not supported,,mapcomments,"(LCSD relies on 2.5.1,eDOS on 2.8.2)",,,
LabTestCatalog.entry.supportingInformation.length,LabTestCatalog.entry.supportingInformation.length,LabTestCatalog.entry.supportingInformation.length,maximum length,Total number of characters allowed. Required for numeric and (long) text answers.,EH: property of reference resource e.g. DataElement or Questionnaire or Observation.,,,0,1,,integer,,,,,,,,,,,,,,,,,edos,OMC-12,,lcsd,not supported,,mapcomments,"(LCSD relies on 2.5.1,eDOS on 2.8.2)",,,
LabTestCatalog.entry.supportingInformation.precision,LabTestCatalog.entry.supportingInformation.precision,LabTestCatalog.entry.supportingInformation.precision,decimal precision for numeric,For numeric answers the number of digits after the decimal.,EH: property of reference resource e.g. DataElement or Questionnaire or Observation.,,,0,1,,integer,,,,,,,,,,,,,,,,,edos,OMC-13,,lcsd,not supported,,mapcomments,"(LCSD relies on 2.5.1,eDOS on 2.8.2)",,,
LabTestCatalog.entry.specimen,LabTestCatalog.entry.specimen,LabTestCatalog.entry.specimen,specimen(s)expected,"Observations/batteries that require a specimen for their performance.  This element can be a coded concept or a reference to the Specimen Resource. This element may repeat when an observation or battery requires multiple specimens for their performance (e.g., creatinine clearance requires a 24-hour urine specimen and a serum specimen).",,[0..*].,SpecimenRequired,0,*,,BackboneElement,,,,,,,,,,,,,,,,,edos,OM4,,lcsd,OM4,,mapcomments,OM4 repeatable,,,
LabTestCatalog.entry.specimen.type,LabTestCatalog.entry.specimen.type,LabTestCatalog.entry.specimen.type,specimen type,"This specimen can be a coded concept or a reference to the Specimen Resource. This element may repeat when an observation or battery requires multiple specimens for their performance (e.g., creatinine clearance requires a 24-hour urine specimen and a serum specimen)",,SNOMED CT and/or HL70487.,,1,1,,CodeableConcept,,,,,,,,,,,,,,extensible,http://hl7.org/fhir/ValueSet/uslab-spec-type,,edos,OM4-6,,lcsd,OM4-6,,mapcomments,"serum, plasma, urine, blood, CSF, …",,,
LabTestCatalog.entry.specimen.container,LabTestCatalog.entry.specimen.container,LabTestCatalog.entry.specimen.container,container,These elemente represent the specimen container elements.,,[0..*].,,0,*,,BackboneElement,,,,,,,,,,,,,,,,,edos,OM4 ,,lcsd,,,mapcomments,LCSD supports only 1 container/specimen,,,
LabTestCatalog.entry.specimen.container.type,LabTestCatalog.entry.specimen.container.type,LabTestCatalog.entry.specimen.container.type,container description,"the physical appearance, including color of tube tops, shape, and material composition (e.g., red-top glass tube).  Note that the color is not necessarily a unique identifier of the additive and/or use of the tube.  This is especially true for black and some blue tube tops, as can be seen above.  Color is included here for user convenience. ",,textual.,,1,1,,string,,,,,,,,,,,,,,,,,edos,OM4-3,,lcsd,OM4-3,,mapcomments,,,,
LabTestCatalog.entry.specimen.container.volume,LabTestCatalog.entry.specimen.container.volume,LabTestCatalog.entry.specimen.container.volume,container volume,the capacity of the container. ,,numeric.,,1,1,,decimal,,,,,,,,,,,,,,,,,edos,OM4-4,,lcsd,OM4-4,,mapcomments,,,,
LabTestCatalog.entry.specimen.container.preferrence,LabTestCatalog.entry.specimen.container.preferrence,LabTestCatalog.entry.specimen.container.preferrence,preferred a types of containers,preferred a types of containers.,,[0..*].,,0,1,,CodeableConcept,,,,,,,,,,,,,,,,,edos,0,,lcsd,not supported,,mapcomments,eDOS: additional OM4 segment,,,
LabTestCatalog.entry.specimen.additve,LabTestCatalog.entry.specimen.additve,LabTestCatalog.entry.specimen.additve,specimen additive,specimen additive.,,coded: HL70371.,,0,*,,CodeableConcept,,,,,,,,,,,,,,extensible,http://hl7.org/fhir/ValueSet/v2-0371,,edos,OM4-7,,lcsd,not supported,,mapcomments,,,,
LabTestCatalog.entry.specimen.collectionVolume,LabTestCatalog.entry.specimen.collectionVolume,LabTestCatalog.entry.specimen.collectionVolume,normal collection volume,the normal specimen volume required by the lab.  This is the amount used by the normal methods and provides enough specimens to repeat the procedure at least once if needed.  The default unit is milliliters (ml).,,includes units.,,0,1,,Quantity,,,,,,,,,,,,,,,,,edos,OM4-10,,lcsd,OM4-10,,mapcomments,datatype CQ includes units,,,
LabTestCatalog.entry.specimen.minimumCollectionVolume,LabTestCatalog.entry.specimen.minimumCollectionVolume,LabTestCatalog.entry.specimen.minimumCollectionVolume,minimal collection volume,"the amount of specimen needed by the most specimen sparing method (e.g., using micro techniques).  The minimum amount allows for only one determination.  The default unit is milliliters (ml).",,includes units.,,0,1,,Quantity,,,,,,,,,,,,,,,,,edos,OM4-11,,lcsd,OM4-11,,mapcomments,datatype CQ includes units,,,
LabTestCatalog.entry.specimen.requirements,LabTestCatalog.entry.specimen.requirements,LabTestCatalog.entry.specimen.requirements,specimen requirement,"other requirements for specimen delivery and special handling (e.g., delivery within one hour, iced).",,"text (collection, shipping, …).",,0,1,,string,,,,,,,,,,,,,,,,,edos,OM4-12,,lcsd,not supported,,mapcomments,,,,
LabTestCatalog.entry.specimen.handling,LabTestCatalog.entry.specimen.handling,LabTestCatalog.entry.specimen.handling,specimen handling code,This describes how the specimen and/or container need to be handled from the time of collection through the initiation of testing.,,coded: HL70376.,,0,*,,code,,,,,,,,,,,,,,extensible,http://hl7.org/fhir/ValueSet/v2-0376,,edos,OM4-15,,lcsd,not supported,,mapcomments,,,,
LabTestCatalog.entry.specimen.preference,LabTestCatalog.entry.specimen.preference,LabTestCatalog.entry.specimen.preference,specimen preferred or alternate,Whether the Specimen is the preferred or alternate for collection of the specimen,,,,0,1,,boolean,,,,,,,,,,,,,,,,,edos,"OM4-16, -17",,lcsd,not supported,,mapcomments,,,,
LabTestCatalog.entry.chargeCharacteristic,LabTestCatalog.entry.chargeCharacteristic,LabTestCatalog.entry.chargeCharacteristic,,"TheseElements are for identifying anything which is charged to patient accounts, including procedures, services, supplies.  It is intended to be used to maintain a list of valid chargeable utilization items.  Its purpose is to keep billing codes synchronized between HIS, Patient Accounting, and other departmental systems",,,,0,*,,BackboneElement,,,,,,,,,,,,,,,,,edos,CDM Segment,,lcsd,,,mapcomments,,,,
LabTestCatalog.entry.chargeCharacteristic.shortName,LabTestCatalog.entry.chargeCharacteristic.shortName,LabTestCatalog.entry.chargeCharacteristic.shortName,"charge description, short",text abbreviations or code that is associated with this charge,part of codeableConcept.,"[1..1], string up to 20 char.",,1,1,,string,,,,,,,,,,,,,,,,,edos,CDM-3,,lcsd,not supported,,mapcomments,,,,
LabTestCatalog.entry.chargeCharacteristic.longName,LabTestCatalog.entry.chargeCharacteristic.longName,LabTestCatalog.entry.chargeCharacteristic.longName,"charge description, long",the full text description of this charge,part of codeableConcept.,"[0..1], string up to 250 char.",,1,1,,string,,,,,,,,,,,,,,,,,edos,not supported,,lcsd,not supported,,mapcomments,,,,
LabTestCatalog.entry.chargeCharacteristic.code,LabTestCatalog.entry.chargeCharacteristic.code,LabTestCatalog.entry.chargeCharacteristic.code,procedure code(s),"The procedure code(s)  for procedure, if any, associated with this charge description. Different procedure coding systems such as CPT4, ASTM, ICD9.  are represented by coding translations.",,"[1..*], CNE - HL70088_USL.",,1,*,,Coding,,,,,,,,,,,,,,extensible,http://hl7.org/fhir/ValueSet/cpt-all,,edos,CDM-7,,lcsd,locallyextended,,mapcomments,Frenchextension uses similar codes,,,
LabTestCatalog.entry.chargeCharacteristic.price,LabTestCatalog.entry.chargeCharacteristic.price,LabTestCatalog.entry.chargeCharacteristic.price,price,"The price to be charged for service, item, or procedure.",,[0..*].,,0,1,,Money,,,,,,,,,,,,,,,,,edos,not supported,,lcsd,locallyextended,,mapcomments,PRC-5  (Frenchextension),,,
LabTestCatalog.entry.payerPolicy,LabTestCatalog.entry.payerPolicy,LabTestCatalog.entry.payerPolicy,,These elements contains per insurance company (payer) the policies specific to their organization.  E.g. 'Limited Coverage Policy or the Approved Coverage Policy'. ,,,,0,*,,BackboneElement,,,,,,,,,,,,,,,,,edos,PM1 Segment,,lcsd,,,mapcomments,,,,
LabTestCatalog.entry.payerPolicy.healthPlan,LabTestCatalog.entry.payerPolicy.healthPlan,LabTestCatalog.entry.payerPolicy.healthPlan,health plan ID,A unique identifier for the insurance plan.,Reference(Organization).,[1..1].,,1,1,,Identifier,,,,,,,,,,,,,,,,,edos,PM1-1,,lcsd,not supported,,mapcomments,,,,
LabTestCatalog.entry.payerPolicy.InsCompany,LabTestCatalog.entry.payerPolicy.InsCompany,LabTestCatalog.entry.payerPolicy.InsCompany,insurance company ID,unique identifiers for the insurance company,Reference(Organization).,[1..*].,,1,1,,Reference,Organization,,,,,,,,,,,,,,,,edos,PM1-2,,lcsd,not supported,,mapcomments,,,,
LabTestCatalog.entry.payerPolicy.priceRange,LabTestCatalog.entry.payerPolicy.priceRange,LabTestCatalog.entry.payerPolicy.priceRange,universal service price range,Specifies the lowest and highest price for the Universal Service that needs to be disclosed on the payer notification to the patient (for example Medicare ABN).,This should be a pair of elements with Money datatype.   Check out other FI resources,[0..1].,,0,1,,Money,,,,,,,,,,,,,,,,,edos,"MCP-3, MCP-4",,lcsd,not supported,,mapcomments,,,,
LabTestCatalog.entry.payerPolicy.reason,LabTestCatalog.entry.payerPolicy.reason,LabTestCatalog.entry.payerPolicy.reason,reason for variation of price,"Specifies the reason for the interval between the lowest and the highest price for the Universal Service, for example additional testing (reflex test) that is added based on values of the initial test",,[0..1].,,0,1,,string,,,,,,,,,,,,,,,,,edos,MCP-5,,lcsd,not supported,,mapcomments,,,,
LabTestCatalog.entry.payerPolicy.approvedProcedures,LabTestCatalog.entry.payerPolicy.approvedProcedures,LabTestCatalog.entry.payerPolicy.approvedProcedures,procedures approved per diagnosis,These elements define the Diagnosis and Procedure that impact coverage requirements.,,[0..*].,,0,*,,BackboneElement,,,,,,,,,,,,,,,,,edos,not supported,,lcsd,not supported,,mapcomments,DPS Segment,,,
LabTestCatalog.entry.payerPolicy.approvedProcedures.dxCode,LabTestCatalog.entry.payerPolicy.approvedProcedures.dxCode,LabTestCatalog.entry.payerPolicy.approvedProcedures.dxCode,diagnosis code,The code assigned to this diagnosis,,"[1..1], coded.",,1,1,,Coding,,,,,,,,,,,,,,extensible,http://hl7.org/fhir/us/daf/ValueSet/daf-problem,,edos,not supported,,lcsd,not supported,,mapcomments,DPS-1,,,
LabTestCatalog.entry.payerPolicy.approvedProcedures.pxCode,LabTestCatalog.entry.payerPolicy.approvedProcedures.pxCode,LabTestCatalog.entry.payerPolicy.approvedProcedures.pxCode,procedure code,"The procedure code for procedure, if any, associated with this charge description. Different procedure coding systems such as CPT4, ASTM, ICD9.  are represented by coding translations.",,"[1..*], CNE - HL70088_USL.",,1,1,,Coding,,,,,,,,,,,,,,extensible,http://hl7.org/fhir/ValueSet/cpt-all,,edos,not supported,,lcsd,not supported,,mapcomments,DPS-2,,,
